Zelensky tells Russian troops not to trust their commanders or Kremlin propaganda: 'Just save your lives. Leave.'	worldnews	0	0.96	public	51714	False	51714	1646067068.0	False	False	t3jzfh	False	hot	2022-02-28 20:40:12
How to succeed in a money chamber	nextfuckinglevel	0	0.93	public	62849	False	62849	1646067668.0	False	False	t3k7u7	True	hot	2022-02-28 20:40:12
107-year-old mother gives her 84-year-old daughter candy.	aww	0	0.95	public	26785	False	26785	1646068986.0	False	False	t3kq6s	True	hot	2022-02-28 20:40:12
"What parenting ""trend"" you strongly disagree with?"	AskReddit	0	0.9	public	21886	False	21886	1646049906.0	False	False	t3e2ub	False	hot	2022-02-28 20:40:12
Transgender Texas kids are terrified after governor orders that parents be investigated for child abuse	politics	0	0.78	public	35674	False	35674	1646050125.0	False	False	t3e54q	False	hot	2022-02-28 20:40:12
Ukraine applies to join the European Union!	MadeMeSmile	0	0.9	public	112088	False	112088	1646066367.0	False	False	t3jq0a	False	hot	2022-02-28 20:40:12
"Ukrainian ambassador to the UN pretty much tells Putin to kill himself: ""If he wants to kill himself, he doesn't need to use nuclear arsenal. He has to do what the guy in Berlin did in a bunker in May 1945"""	interestingasfuck	0	0.89	public	146627	False	146627	1646064452.0	False	False	t3j0tu	True	hot	2022-02-28 20:40:12
Ukrainian president signs formal request to join EU	news	0	0.98	public	18149	False	18149	1646068326.0	False	False	t3kh2m	False	hot	2022-02-28 20:40:12
President Zelensky, signing up an application for Ukraine's membership in the European Union	Damnthatsinteresting	0	0.93	public	57561	False	57561	1646063738.0	False	False	t3iqy3	False	hot	2022-02-28 20:40:12
"Sat down on my friend's MacBook and broke it, offered to pay her the money for it but now she wants more because ""she was upgrading anyway"" so it's this or she will sue me in small claims court."	BestofRedditorUpdates	0	0.96	public	27751	False	27751	1646063045.0	False	False	t3ihkg	False	hot	2022-02-28 20:40:12
Germany to produce 100% green energy by 2035 instead of 2050 thanks to Putin	wallstreetbets	0	0.94	public	22377	False	22377	1646064326.0	False	False	t3iz17	False	hot	2022-02-28 20:40:12
Ran into the guy who ran into Alonso while walking his cat while i was walking at the place where the guy walking his cat met Alonso	formula1	0	0.96	public	8283	False	8283	1646073847.0	False	False	t3mmi4	False	hot	2022-02-28 20:40:12
Banned from Swift	ProgrammerHumor	0	0.95	public	31359	False	31359	1646062843.0	False	False	t3iesi	False	hot	2022-02-28 20:40:12
Ukraine credits Turkish drones with eviscerating Russian tanks and armor in their first use in a major conflict	worldnews	0	0.98	public	18478	False	18478	1646069012.0	False	False	t3kqjx	False	hot	2022-02-28 20:40:12
Harassed and arrested for organizing	antiwork	0	0.97	public	18440	False	18440	1646063193.0	False	False	t3ijn9	False	hot	2022-02-28 20:40:12
Russian invaders shooting civilians. Father was shot in front of his son's eyes. Ivankiv, Kyiv region.	PublicFreakout	0	0.94	public	46691	False	46691	1646059656.0	True	True	t3h9gu	True	hot	2022-02-28 20:40:12
Biden Administration Expands Sanctions Against Russia, Cutting Off U.S. Transactions With Central Bank	news	0	0.95	public	63787	False	63787	1646054609.0	False	False	t3fiyq	False	hot	2022-02-28 20:40:12
What game have you played solely for the gameplay, and didn't really care for the story?	gaming	0	0.91	public	8485	False	8485	1646070460.0	False	False	t3laju	False	hot	2022-02-28 20:40:12
[OC] We did it. We crossed the border	pics	0	0.8	public	195911	False	195911	1646031385.0	False	False	t39fce	False	hot	2022-02-28 20:40:12
Alcohol	funny	0	0.83	public	30965	False	30965	1646062914.0	False	False	t3ifqx	False	hot	2022-02-28 20:40:12
Ukraine Creates IT Army of Volunteer Hackers and Orders Cyber Attacks on Russian Websites	tech	0	0.97	public	14118	False	14118	1646062623.0	False	False	t3ibu1	False	hot	2022-02-28 20:40:12
"New statement of the President of Ukraine: ""When I ran for presidency, I said that each of us is the President. Because we are all responsible for our state. For our beautiful Ukraine. And now it turns out that each of us is a warrior"""	nextfuckinglevel	0	0.89	public	124773	False	124773	1646046123.0	False	False	t3d2ey	True	hot	2022-02-28 20:40:12
[Pekka Jalonen] BREAKING: Inside information: #Russia and #Belarus will be thrown out of the International Ice Hockey Federation #IIHF in a couple of hours.	sports	0	0.98	public	12243	False	12243	1646062533.0	False	False	t3iap2	False	hot	2022-02-28 20:40:12
"The way a coworker ""decorated"" the lockers at work (!)"	Cringetopia	0	0.93	public	25847	False	25847	1646047837.0	True	False	t3di0g	False	hot	2022-02-28 20:40:12
In Finland and Sweden possible NATO membership campaign gathers momentum	europe	0	0.95	public	41465	False	41465	1646036172.0	False	False	t3ap3q	False	hot	2022-02-28 20:40:12
Germany will accelerate its switch to 100% renewable energy in response to Russian crisis - the new date to be 100% renewable is 2035.	Futurology	0	0.94	public	58859	False	58859	1646046768.0	False	False	t3d8jp	False	hot	2022-02-28 20:40:12
Oh shit, this tastes amazing, one more please!	Unexpected	0	0.93	public	13929	False	13929	1646065282.0	False	False	t3jbwz	True	hot	2022-02-28 20:40:12
Ukraine government raises over $10 million in cryptocurrency donations	technews	0	0.94	public	23998	False	23998	1646058676.0	False	False	t3gx2u	False	hot	2022-02-28 20:40:12
Trump, Who Wanted to Withdraw the U.S. from NATO, Now Claims Credit for Its Existence	politics	0	0.95	public	9846	False	9846	1646065335.0	False	False	t3jcmr	False	hot	2022-02-28 20:40:12
Wavy clouds in Kentucky	blackmagicfuckery	0	0.96	public	20326	False	20326	1646061242.0	False	False	t3hubj	False	hot	2022-02-28 20:40:12
Please, a reminder not to target Russian Americans making a living or even just Russian citizens :(	awfuleverything	0	0.94	public	30959	False	30959	1646042194.0	False	False	t3c4au	False	hot	2022-02-28 20:40:12
Killer Smiles After Father Attacks Him For Killing His Daughter	iamatotalpieceofshit	0	0.96	public	21795	False	21795	1646060393.0	False	False	t3hj37	False	hot	2022-02-28 20:40:12
Updates from President Zelenskiy. [With English subtitles]	Damnthatsinteresting	0	0.91	public	55995	False	55995	1646048817.0	False	False	t3drbx	True	hot	2022-02-28 20:40:12
Ketchup Critics	ChoosingBeggars	0	0.94	public	64910	False	64910	1646016510.0	False	False	t34xie	False	hot	2022-02-28 20:40:12
Ukraine President Zelenskyy signs application for EU membership	worldnews	0	0.96	public	48074	False	48074	1646065346.0	False	False	t3jcsh	False	hot	2022-02-28 20:40:12
90s babies, are you okay?	memes	0	0.96	public	16482	False	16482	1646065557.0	False	False	t3jfkh	False	hot	2022-02-28 20:40:12
Russia moment	WhitePeopleTwitter	0	0.93	public	97041	False	97041	1646044388.0	False	False	t3cn7h	False	hot	2022-02-28 20:40:12
What do men think of the new(ish) trend of women ditching the hair dye and growing out their silver/grey hair? Since many people (men and women) start going grey in their 20's/30's, is it good that society is starting to normalise this? Would you encourage/support your partner in doing this?	AskMen	0	0.9	public	7562	False	7562	1646043236.0	False	False	t3cded	False	hot	2022-02-28 20:40:12
"Dr. Trimbath questioned: ""What are your thoughts on Citadel's financial statement released today? $65b of securities sold but not yet purchased?"" Answer: ""They were allowed to take your money and give you nothing."""	Superstonk	0	0.98	public	7703	False	7703	1646069953.0	False	False	t3l3fd	False	hot	2022-02-28 20:40:12
Russian soldiers surrendering to Ukraine will receive 5 million rubles worth of crypto	CryptoCurrency	0	0.9	public	25436	False	25436	1646029975.0	False	False	t391pz	False	hot	2022-02-28 20:40:12
Ukrainian woman teaches her people how to operate an abandoned Russian tank on TikTok	Damnthatsinteresting	0	0.81	public	25694	False	25694	1646067237.0	False	False	t3k1r4	True	hot	2022-02-28 20:40:12
TIFU by letting my boyfriend pop a pimple and it almost killed me	tifu	0	0.87	public	22606	False	22606	1646025381.0	True	False	t37ptj	False	hot	2022-02-28 20:40:12
Yes, Ukrainian President Volodymyr Zelensky Did Voice Paddington, StudioCanal Confirms	movies	0	0.89	public	73137	False	73137	1646045675.0	False	False	t3cy47	False	hot	2022-02-28 20:40:12
Climate change causing widespread and irreversible impacts, says IPCC	science	0	0.87	public	33186	False	33186	1646046684.0	False	False	t3d7sm	False	hot	2022-02-28 20:40:12
[OC] It's amazing how much the graphics have improved over the past few years	pokemon	0	0.91	public	17683	True	17683	1646039808.0	False	False	t3bjw7	False	hot	2022-02-28 20:40:12
Crowd turns on LeBron James as Los Angeles Lakers suffer embarrassing defeat	nba	0	0.96	public	6631	False	6631	1646053874.0	False	False	t3fajz	False	hot	2022-02-28 20:40:12
Jinx has had a winrate of ~51% with a pickrate of ~30% for at least 7 patches in a row now. Am I missing something?	leagueoflegends	0	0.84	public	3432	False	3432	1646050421.0	False	False	t3e8dp	False	hot	2022-02-28 20:40:12
Fuecoco : The End of Zodiac Theory	pokemon	0	0.96	public	15167	True	15167	1646060042.0	False	False	t3heo0	False	hot	2022-02-28 20:40:12
What kind of vibes am I giving off	teenagers	0	0.81	public	1963	False	1963	1646062305.0	False	False	t3i7oo	False	hot	2022-02-28 20:40:12
my incel coworker ranting to me about women on dating apps ghosting him. gee, i wonder why!	sadcringe	0	0.91	public	31950	False	31950	1646031476.0	False	False	t39g7j	False	hot	2022-02-28 20:40:12
